City,City ID,Country,Advertiser Currency,Impressions,Clicks,Revenue (Adv Currency)
Abingdon,1006457,GB,GBP,174,1,0.468812
Alloa,1007295,GB,GBP,89,0,0.252819
Amersham,1006474,GB,GBP,45,0,0.126163
Annan,1007297,GB,GBP,58,0,0.144051
Baldock,1006493,GB,GBP,93,0,0.264777
Barnsley,1006496,GB,GBP,682,1,1.735428
Berkhamsted,1006512,GB,GBP,75,0,0.200266
Billingshurst,1006520,GB,GBP,38,0,0.100759
Birchwood,1006522,GB,GBP,49,0,0.138483
Birmingham,1006524,GB,GBP,5049,4,13.131432
Bishop s Stortford,1006528,GB,GBP,124,0,0.319464
Blackburn,1006530,GB,GBP,113,0,0.292472
Blackpool,1006532,GB,GBP,753,2,1.922611
Blandford Forum,1006533,GB,GBP,54,0,0.149993
Bloxham,1006535,GB,GBP,16,0,0.030731
Bodmin,1006537,GB,GBP,88,0,0.229319
Bognor Regis,1006538,GB,GBP,75,0,0.186539
Bottisham,1006544,GB,GBP,10,0,0.025363
Bradford-on-Avon,1006554,GB,GBP,9,0,0.026149
Bridgnorth,1006562,GB,GBP,168,2,0.457969
Brierley Hill,1006564,GB,GBP,168,0,0.445173
Brighton,1006565,GB,GBP,866,1,2.208001
Brill,1006566,GB,GBP,3,0,0.007285
Bristol,1006567,GB,GBP,2936,4,7.821674
Broadbridge Heath,1006568,GB,GBP,1,0,0.002763
Buckingham,1006579,GB,GBP,40,0,0.104127
Buntingford,1006581,GB,GBP,51,0,0.136383
Burford,1006582,GB,GBP,2,0,0.005154
Burgess Hill,1006583,GB,GBP,192,1,0.497085
Burnley,1006585,GB,GBP,81,0,0.201324
Burtonwood,1006587,GB,GBP,14,0,0.046699
Bushey,1006590,GB,GBP,54,0,0.137484
Camborne,1006597,GB,GBP,200,1,0.511380
Capenhurst,1006604,GB,GBP,21,0,0.047164
Charing,1006616,GB,GBP,1,0,0.002793
Chertsey,1006623,GB,GBP,105,2,0.269929
Cirencester,1006636,GB,GBP,82,0,0.219684
Clydebank,1007311,GB,GBP,99,0,0.264760
Coppull,1006652,GB,GBP,3,0,0.006751
Coventry,1006656,GB,GBP,1932,1,4.978929
Cumbernauld,1007315,GB,GBP,192,1,0.513809
Dartford,1006670,GB,GBP,380,1,1.000184
Denmead,1006673,GB,GBP,6,0,0.019197
Dorchester,1006680,GB,GBP,207,0,0.537371
Douglas,1007318,GB,GBP,40,0,0.113972
Dover,1006682,GB,GBP,248,1,0.625877
Dudley,1006686,GB,GBP,695,2,1.794905
East Kilbride,1007325,GB,GBP,243,0,0.620447
Evesham,1006705,GB,GBP,262,0,0.654466
Exminster,1006708,GB,GBP,11,0,0.030879
Fairford,1006712,GB,GBP,94,0,0.238575
Farnborough,1006716,GB,GBP,370,0,0.962583
Felixstowe,1006719,GB,GBP,48,0,0.129320
Ferndown,1006722,GB,GBP,63,0,0.157105
Flitwick,1006728,GB,GBP,114,0,0.289783
Gerrards Cross,1006738,GB,GBP,48,0,0.136667
Glasgow,1007336,GB,GBP,3970,5,10.518086
Glossop,1006740,GB,GBP,86,0,0.233535
Great Yarmouth,1006751,GB,GBP,235,0,0.621098
Guildford,1006753,GB,GBP,452,1,1.210062
Havant,1006773,GB,GBP,239,0,0.649766
Helston,1006785,GB,GBP,93,0,0.270453
Hemel Hempstead,1006786,GB,GBP,538,1,1.409910
Hertford,1006793,GB,GBP,64,0,0.176298
Heybridge,1006795,GB,GBP,1,0,0.000554
Holmes Chapel,1006805,GB,GBP,8,0,0.024045
Howden,1006813,GB,GBP,21,0,0.059065
Immingham,1006823,GB,GBP,10,0,0.028602
Inverbervie,1007344,GB,GBP,3,0,0.008699
Iver,1006828,GB,GBP,43,0,0.121522
Keighley,1006832,GB,GBP,154,0,0.380129
Kelso,1007350,GB,GBP,44,0,0.114778
Kenilworth,1006835,GB,GBP,17,0,0.038000
Kidlington,1006839,GB,GBP,60,2,0.170867
Kilmarnock,1007355,GB,GBP,140,0,0.387847
Kilwinning,1007356,GB,GBP,143,0,0.378640
Kirkby in Ashfield,1006848,GB,GBP,116,1,0.254945
Knowsley,1006851,GB,GBP,4,0,0.016163
Lancing,1006855,GB,GBP,9,0,0.019256
Launceston,1006858,GB,GBP,15,0,0.040175
Leeds,1006864,GB,GBP,3612,6,9.462534
Leighton Buzzard,1006868,GB,GBP,130,0,0.357536
Lichfield,1006874,GB,GBP,256,1,0.659945
Littlebourne,1006882,GB,GBP,1,0,0.001850
Llanelli,1007440,GB,GBP,263,0,0.683965
Lyneham,1006903,GB,GBP,135,2,0.368263
Maghull,1006905,GB,GBP,67,0,0.176957
March,1006915,GB,GBP,258,0,0.684108
Matlock,1006922,GB,GBP,101,0,0.269203
Melbourne,1006924,GB,GBP,3,0,0.009886
Melton Mowbray,1006926,GB,GBP,198,0,0.514531
Middlesbrough,1006928,GB,GBP,898,4,2.362445
Montrose,1007374,GB,GBP,75,0,0.199481
Mountain Ash,1007445,GB,GBP,17,0,0.044819
Neilston,1007378,GB,GBP,2,0,0.005285
Newport,1006950,GB,GBP,168,0,0.402402
Newport,1007448,GB,GBP,407,2,1.054249
Northampton,1006959,GB,GBP,1978,7,5.227420
Oldbury,1006969,GB,GBP,106,0,0.260016
Ormskirk,1006972,GB,GBP,24,0,0.065653
Oxted,1006977,GB,GBP,6,0,0.018554
Paignton,1006978,GB,GBP,159,0,0.395690
Pangbourne,1006979,GB,GBP,24,0,0.060644
Penzance,1006983,GB,GBP,87,0,0.224130
Portlethen,1007385,GB,GBP,125,1,0.332866
Portree,1007386,GB,GBP,106,0,0.305438
Ramsgate,1007006,GB,GBP,121,0,0.313788
Redcar,1007010,GB,GBP,91,1,0.236567
Redruth,1007013,GB,GBP,99,0,0.252336
Rickmansworth,1007016,GB,GBP,30,0,0.084566
Rotherham,1007027,GB,GBP,258,0,0.702243
Royal Leamington Spa,1007030,GB,GBP,241,1,0.676182
Sawbridgeworth,1007050,GB,GBP,6,0,0.017766
Sheffield,1007064,GB,GBP,3536,4,9.100710
Shepshed,1007067,GB,GBP,36,0,0.086948
Sittingbourne,1007076,GB,GBP,284,0,0.739840
Solihull,1007082,GB,GBP,266,1,0.713530
Stonehouse,1007398,GB,GBP,12,0,0.034172
Stornoway,1007399,GB,GBP,22,0,0.051273
Sutton,1007135,GB,GBP,530,2,1.431061
Sutton-in-Ashfield,1007138,GB,GBP,268,0,0.739083
Swanley,1007141,GB,GBP,37,0,0.096060
Swanmore,1007142,GB,GBP,4,0,0.007265
Swansea,1007460,GB,GBP,919,1,2.465189
Tadworth,1007146,GB,GBP,1,0,0.002143
Tarbert,1007400,GB,GBP,8,0,0.019876
Teddington,1007150,GB,GBP,54,0,0.158720
Telford,1007151,GB,GBP,222,0,0.590758
Templecombe,1007152,GB,GBP,41,0,0.113451
Tetbury,1007153,GB,GBP,22,0,0.057201
Tewkesbury,1007154,GB,GBP,53,0,0.160730
Thatcham,1007158,GB,GBP,49,0,0.116954
Tilbury,1007166,GB,GBP,13,0,0.029221
Titchfield,1007169,GB,GBP,2,0,0.007876
Tonbridge,1007171,GB,GBP,87,0,0.212003
Torquay,1007173,GB,GBP,622,0,1.632224
Tring,1007177,GB,GBP,48,0,0.123135
Truro,1007179,GB,GBP,273,0,0.742097
Uddingston,1007403,GB,GBP,32,0,0.084118
Wainfleet All Saints,1007187,GB,GBP,52,1,0.123673
Wallasey,1007189,GB,GBP,181,0,0.491592
Wallingford,1007190,GB,GBP,27,0,0.060245
Walsall,1007192,GB,GBP,832,0,2.177804
Wellingborough,1007208,GB,GBP,274,0,0.689139
Wembley,1007210,GB,GBP,294,0,0.765309
West Bromwich,1007212,GB,GBP,233,0,0.596898
West Moors,1007215,GB,GBP,98,0,0.259121
Whitchurch,1007224,GB,GBP,21,0,0.057170
Whitehaven,1007225,GB,GBP,257,1,0.665815
Wilmslow,1007234,GB,GBP,92,0,0.250654
Wimborne Minster,1007235,GB,GBP,100,0,0.286299
Winchester,1007237,GB,GBP,302,0,0.812414
Wolverhampton,1007249,GB,GBP,1038,1,2.709658
Wotton-under-Edge,1007260,GB,GBP,9,0,0.020781
Yalding,1007262,GB,GBP,2,0,0.005392
Yateley,1007264,GB,GBP,2,0,0.004666
Accrington,1006458,GB,GBP,47,0,0.129932
Aldbourne,1006463,GB,GBP,15,0,0.034764
Almondsbury,1006468,GB,GBP,24,0,0.062667
Alness,1007296,GB,GBP,27,0,0.067188
Altrincham,1006473,GB,GBP,122,0,0.321721
Andover,1006476,GB,GBP,281,1,0.733331
Arbroath,1007298,GB,GBP,207,2,0.548835
Ashbourne,1006481,GB,GBP,26,0,0.060971
Ashington,1006484,GB,GBP,198,0,0.521406
Bagshot,1006491,GB,GBP,17,0,0.048961
Bangor,1007409,GB,GBP,147,0,0.352045
Basildon,1006500,GB,GBP,921,4,2.351140
Beeston,1006507,GB,GBP,286,0,0.777571
Beverley,1006514,GB,GBP,231,1,0.614178
Bideford,1006516,GB,GBP,52,1,0.132279
Billericay,1006518,GB,GBP,51,0,0.140026
Binfield,1006521,GB,GBP,7,0,0.013657
Bolton,1006539,GB,GBP,938,3,2.446468
Boughton,1006545,GB,GBP,11,0,0.023511
Bourne,1006546,GB,GBP,85,0,0.223241
Bourne End,1006547,GB,GBP,8,0,0.018644
Bourton,1006549,GB,GBP,7,0,0.016860
Brampton,1006557,GB,GBP,17,0,0.043097
Brecon,1007412,GB,GBP,78,0,0.198992
Brentford,1006560,GB,GBP,89,0,0.221375
Brentwood,1006561,GB,GBP,131,0,0.335821
Bridgwater,1006563,GB,GBP,509,0,1.300607
Broadstairs,1006569,GB,GBP,137,0,0.345322
Broadway,1006570,GB,GBP,8,0,0.024582
Bruton,1006578,GB,GBP,54,0,0.146465
Bucksburn,1007308,GB,GBP,89,0,0.237383
Burton upon Trent,1006586,GB,GBP,398,1,1.015682
Bury St Edmunds,1006589,GB,GBP,294,0,0.765765
Buxton,1006591,GB,GBP,128,0,0.333667
Caddington,1006593,GB,GBP,29,0,0.061012
Camberley,1006596,GB,GBP,109,0,0.318595
Cardigan,1007417,GB,GBP,7,0,0.018662
Carlisle,1006605,GB,GBP,660,1,1.672106
Castleton,1006608,GB,GBP,97,0,0.266278
Chapeltown,1006614,GB,GBP,71,0,0.174414
Chard,1006615,GB,GBP,91,0,0.246371
Chatteris,1006619,GB,GBP,19,0,0.043736
Cheadle Hulme,1006620,GB,GBP,24,0,0.057148
Chesham,1006624,GB,GBP,156,0,0.428459
Chester,1006626,GB,GBP,370,0,0.966402
Chipping Sodbury,1006632,GB,GBP,29,0,0.074344
Chorley,1006633,GB,GBP,102,0,0.233818
Clacton-on-Sea,1006637,GB,GBP,130,0,0.318343
Clapham,1006638,GB,GBP,6,0,0.018893
Cleethorpes,1006640,GB,GBP,33,0,0.086173
Coalville,1006643,GB,GBP,87,2,0.227646
Colchester,1006644,GB,GBP,1129,0,3.017344
Cowes,1006657,GB,GBP,65,0,0.174230
Crowborough,1006666,GB,GBP,55,0,0.143071
Croydon,1006668,GB,GBP,1089,5,2.850235
Crymych,1007425,GB,GBP,2,0,0.006296
Daventry,1006672,GB,GBP,213,1,0.542823
Devizes,1006675,GB,GBP,133,0,0.342313
Didcot,1006677,GB,GBP,143,0,0.372073
Duns,1007323,GB,GBP,16,0,0.038257
Durham,1006688,GB,GBP,520,1,1.352093
East Grinstead,1006689,GB,GBP,164,1,0.429034
Edwalton,1006695,GB,GBP,9,0,0.020823
Egham,1006696,GB,GBP,7,0,0.019049
Esher,1006703,GB,GBP,25,0,0.071566
Ferryhill,1006723,GB,GBP,41,0,0.116328
Fife,1007331,GB,GBP,596,2,1.617750
Flint,1007430,GB,GBP,56,0,0.146208
Godalming,1006742,GB,GBP,165,0,0.417211
Goole,1006743,GB,GBP,84,0,0.214689
Haddenham,1006754,GB,GBP,10,0,0.029162
Hailsham,1006755,GB,GBP,70,0,0.172206
Halesowen,1006756,GB,GBP,129,0,0.355032
Halifax,1006757,GB,GBP,382,0,0.950006
Hamble-le-Rice,1006759,GB,GBP,6,0,0.018465
Hamilton,1007341,GB,GBP,319,1,0.883553
Harlech,1007433,GB,GBP,2,0,0.005502
Harlow,1006764,GB,GBP,331,0,0.900658
Haverhill,1006774,GB,GBP,116,1,0.305792
Hayle,1006777,GB,GBP,26,0,0.063298
Headley Down,1006780,GB,GBP,1,0,0.002854
Heathfield and Waldron,1006781,GB,GBP,58,1,0.152983
Henley-on-Thames,1006789,GB,GBP,60,0,0.155216
Hexham,1006794,GB,GBP,74,0,0.202623
High Wycombe,1006798,GB,GBP,304,1,0.825051
Hinckley,1006800,GB,GBP,168,1,0.443821
Histon,1006802,GB,GBP,2,0,0.005159
Hoddesdon,1006804,GB,GBP,29,0,0.071924
Huddersfield,1006815,GB,GBP,571,1,1.537943
Ilkeston,1006821,GB,GBP,163,0,0.421320
Inveraray,1007343,GB,GBP,27,0,0.087618
Inverurie,1007346,GB,GBP,348,1,0.947147
Irlam,1006827,GB,GBP,7,0,0.018378
Kempston,1006833,GB,GBP,45,0,0.117399
Kidsgrove,1006840,GB,GBP,28,0,0.068078
Kings Langley,1006841,GB,GBP,11,0,0.027005
Kingswinford,1006846,GB,GBP,48,0,0.128337
Kirkwall,1007361,GB,GBP,46,0,0.111931
Langford,1006856,GB,GBP,19,0,0.047524
Liskeard,1006879,GB,GBP,78,0,0.188071
Llangefni,1007441,GB,GBP,139,0,0.398519
Lochwinnoch,1007369,GB,GBP,11,0,0.030808
Macclesfield,1006904,GB,GBP,200,1,0.546380
Machynlleth,1007442,GB,GBP,11,0,0.033344
Manchester,1006912,GB,GBP,2848,5,7.438924
Marlborough,1006919,GB,GBP,70,0,0.200646
Nantwich,1006940,GB,GBP,132,0,0.359359
Nelson,1006941,GB,GBP,68,1,0.182732
Newcastle Emlyn,1007447,GB,GBP,11,0,0.020323
Newcastle upon Tyne,1006948,GB,GBP,2143,4,5.690820
Newport Pagnell,1006951,GB,GBP,9,0,0.029652
Norwich,1006964,GB,GBP,1766,5,4.680448
Oldham,1006970,GB,GBP,253,0,0.656819
Oswestry,1006973,GB,GBP,361,1,0.972156
Oxford,1006976,GB,GBP,1132,4,3.009462
Peebles,1007382,GB,GBP,23,0,0.057502
Perth,1007383,GB,GBP,304,0,0.799144
Peterborough,1006984,GB,GBP,1062,2,2.776988
Petersfield,1006986,GB,GBP,30,0,0.089069
Pontypridd,1007453,GB,GBP,279,1,0.750342
Portsmouth,1006996,GB,GBP,1182,4,3.118583
Princes Risborough,1007001,GB,GBP,30,0,0.072648
Rawtenstall,1007007,GB,GBP,6,0,0.016169
Rayleigh,1007008,GB,GBP,227,0,0.602601
Redditch,1007011,GB,GBP,384,0,1.022366
Renfrew,1007389,GB,GBP,49,0,0.137756
Ripon,1007017,GB,GBP,71,0,0.202788
Rochdale,1007020,GB,GBP,526,1,1.332190
Rochester,1007021,GB,GBP,23,0,0.064425
Romsey,1007024,GB,GBP,206,0,0.560000
Rothbury,1007026,GB,GBP,5,0,0.011796
Rowlands Gill,1007028,GB,GBP,17,0,0.044575
Royal Tunbridge Wells,1007031,GB,GBP,53,0,0.128183
Runcorn,1007035,GB,GBP,43,0,0.134253
Rutherglen,1007392,GB,GBP,69,0,0.185360
Saint Andrews,1007395,GB,GBP,74,0,0.209784
Saint Boswells,1007396,GB,GBP,6,0,0.014938
Saint Peter Port,1006455,GB,GBP,142,1,0.334390
Salford,1007043,GB,GBP,237,1,0.644598
Sandbach,1007047,GB,GBP,37,1,0.092746
Scunthorpe,1007055,GB,GBP,417,1,1.092916
Seaford,1007056,GB,GBP,57,0,0.150063
Sevenoaks,1007060,GB,GBP,162,0,0.433587
Shawbury,1007062,GB,GBP,36,0,0.099710
Shepperton,1007065,GB,GBP,2,0,0.004540
Shrewsbury,1007072,GB,GBP,541,0,1.450006
Southsea,1007093,GB,GBP,110,0,0.297964
Spalding,1007094,GB,GBP,121,0,0.307079
St Saviour,1006456,GB,GBP,20,0,0.052045
Stapleford,1007110,GB,GBP,23,0,0.054559
Stockbridge,1007116,GB,GBP,23,0,0.063085
Stony Stratford,1007124,GB,GBP,15,0,0.037404
Stowmarket,1007127,GB,GBP,106,0,0.288030
Stroud,1007129,GB,GBP,260,0,0.676078
Studley,1007130,GB,GBP,2,0,0.001121
Tattenhall,1007148,GB,GBP,28,0,0.079470
Tenby,1007462,GB,GBP,21,0,0.043924
Thanet District,1007157,GB,GBP,6,0,0.017120
Theale,1007159,GB,GBP,69,0,0.194200
Thrapston,1007164,GB,GBP,21,0,0.054556
Tiverton,1007170,GB,GBP,262,0,0.677664
Tuxford,1007180,GB,GBP,3,0,0.012299
Uckfield,1007181,GB,GBP,73,0,0.207274
Upper Heyford,1007182,GB,GBP,10,0,0.024807
Uttoxeter,1007184,GB,GBP,78,0,0.182642
Wallington,1007191,GB,GBP,33,0,0.088308
Walton-on-Thames,1007195,GB,GBP,56,0,0.142693
Wantage,1007196,GB,GBP,52,0,0.136556
Warminster,1007199,GB,GBP,23,0,0.057221
Wednesbury,1007207,GB,GBP,339,1,0.818220
Westhoughton,1007218,GB,GBP,55,0,0.126566
Whitstable,1007226,GB,GBP,58,0,0.139479
Willenhall,1007231,GB,GBP,141,0,0.362815
Willersey,1007232,GB,GBP,4,0,0.008200
Windsor,1007239,GB,GBP,108,0,0.268975
Winsford,1007242,GB,GBP,271,1,0.731777
Witham,1007243,GB,GBP,100,0,0.268545
Wombourne,1007250,GB,GBP,41,1,0.127006
Wombwell,1007251,GB,GBP,60,0,0.161135
Workington,1007257,GB,GBP,81,0,0.214274
York,1007266,GB,GBP,1145,1,2.898732
Abergavenny,1007407,GB,GBP,89,0,0.246880
Aberystwyth,1007408,GB,GBP,88,0,0.247613
Acle,1006459,GB,GBP,9,1,0.024021
Addlestone,1006460,GB,GBP,86,1,0.222660
Aldershot,1006466,GB,GBP,73,1,0.189638
Alnwick,1006469,GB,GBP,63,0,0.178172
Ascot,1006479,GB,GBP,32,0,0.079617
Ash Vale,1006480,GB,GBP,2,0,0.006411
Aveley,1006488,GB,GBP,32,1,0.073279
Ayr,1007300,GB,GBP,274,1,0.714018
Bakewell,1006492,GB,GBP,20,0,0.051486
Barrhead,1007301,GB,GBP,49,0,0.111471
Beaconsfield,1006504,GB,GBP,53,0,0.145472
Bellshill,1007302,GB,GBP,52,0,0.120611
Berkeley,1006511,GB,GBP,5,0,0.012684
Bicester,1006515,GB,GBP,135,0,0.330648
Biggar,1007303,GB,GBP,122,0,0.331316
Billingham,1006519,GB,GBP,76,0,0.205790
Birkenhead,1006523,GB,GBP,734,1,2.002994
Birstall,1006525,GB,GBP,314,1,0.810502
Bodelwyddan,1007411,GB,GBP,10,0,0.033710
Borehamwood,1006542,GB,GBP,46,0,0.126098
Bournemouth,1006548,GB,GBP,1365,4,3.631090
Brackley,1006551,GB,GBP,56,0,0.158257
Bradford,1006553,GB,GBP,993,0,2.574552
Bredbury,1006559,GB,GBP,16,0,0.047207
Bridgend,1007413,GB,GBP,1006,2,2.648437
Brockenhurst,1006571,GB,GBP,15,0,0.039286
Broseley,1006575,GB,GBP,62,0,0.154399
Broxbourne,1006577,GB,GBP,4,0,0.009543
Bury,1006588,GB,GBP,278,1,0.700878
Byfleet,1006592,GB,GBP,3,0,0.009244
Caernarfon,1007414,GB,GBP,55,0,0.143779
Canterbury,1006602,GB,GBP,514,0,1.362732
Canvey Island,1006603,GB,GBP,13,0,0.034690
Castle Douglas,1007310,GB,GBP,8,0,0.019245
Castletown,1007267,GB,GBP,5,0,0.009118
Chalfont St Giles,1006611,GB,GBP,4,0,0.009915
Chandler s Ford,1006613,GB,GBP,135,1,0.376357
Chineham,1006629,GB,GBP,2,0,0.007153
Chinnor,1006630,GB,GBP,21,0,0.052199
Chipping Norton,1006631,GB,GBP,40,0,0.098401
Church Stretton,1006635,GB,GBP,39,0,0.109805
Cleckheaton,1006639,GB,GBP,27,0,0.070892
Coatbridge,1007312,GB,GBP,175,1,0.442247
Coleford,1006645,GB,GBP,39,0,0.098074
Congleton,1006648,GB,GBP,44,0,0.117333
Connah s Quay,1007422,GB,GBP,148,0,0.388179
Conwy,1007423,GB,GBP,374,3,0.939361
Darlington,1006669,GB,GBP,500,0,1.292209
Denbigh,1007428,GB,GBP,18,0,0.048290
Derby,1006674,GB,GBP,1199,1,3.107476
Dumbarton,1007319,GB,GBP,126,0,0.349837
Dunstable,1006687,GB,GBP,171,1,0.453251
Eaglesham,1007324,GB,GBP,3,0,0.008035
Edinburgh,1007326,GB,GBP,2100,1,5.642269
Exeter,1006707,GB,GBP,1095,2,2.862939
Eyemouth,1007329,GB,GBP,43,0,0.113374
Forest Row,1006731,GB,GBP,11,0,0.028025
Gateshead,1006736,GB,GBP,756,1,1.940247
Gourock,1007339,GB,GBP,14,0,0.038359
Gravesend,1006746,GB,GBP,20,0,0.055281
Greenock,1007340,GB,GBP,47,0,0.116989
Handforth,1006761,GB,GBP,5,0,0.015802
Harpenden,1006765,GB,GBP,50,1,0.151829
Haverfordwest,1007434,GB,GBP,353,0,0.971634
Haywards Heath,1006779,GB,GBP,231,0,0.600520
Hereford,1006790,GB,GBP,430,1,1.147473
Hersham,1006792,GB,GBP,2,0,0.002909
Hildenborough,1006799,GB,GBP,58,0,0.164391
Hindhead,1006801,GB,GBP,56,0,0.153877
Holmfirth,1006806,GB,GBP,72,1,0.182952
Hook,1006807,GB,GBP,16,0,0.036790
Horley,1006808,GB,GBP,66,0,0.180183
Horton Kirby and South Darenth,1006811,GB,GBP,2,0,0.003956
Hull,1006816,GB,GBP,925,1,2.424013
Ilkley,1006822,GB,GBP,73,0,0.193063
Johnstone,1007349,GB,GBP,108,0,0.288488
Kegworth,1006831,GB,GBP,4,0,0.006418
Kilmacolm,1007354,GB,GBP,14,0,0.037219
Kirkcaldy,1007359,GB,GBP,258,0,0.670009
Kirmington,1006850,GB,GBP,4,0,0.007697
Knutsford,1006852,GB,GBP,31,0,0.091968
Lakenheath,1006853,GB,GBP,33,0,0.084462
Lampeter,1007437,GB,GBP,53,0,0.158307
Lancaster,1006854,GB,GBP,306,0,0.812420
Lechlade,1006862,GB,GBP,55,0,0.130365
Leicester,1006867,GB,GBP,909,1,2.327418
Leyland,1006873,GB,GBP,74,0,0.202600
Lockerbie,1007370,GB,GBP,28,0,0.070292
London Borough of Lambeth,1002316,GB,GBP,399,1,1.072684
Long Eaton,1006888,GB,GBP,240,0,0.620039
Louth,1006892,GB,GBP,59,0,0.143454
Luton,1006897,GB,GBP,670,1,1.792741
Lymm,1006901,GB,GBP,24,1,0.058594
Maldon,1006908,GB,GBP,100,0,0.256359
Marlow,1006920,GB,GBP,100,1,0.279857
Marske-by-the-Sea,1006921,GB,GBP,19,0,0.045285
Melrose,1007373,GB,GBP,18,0,0.047345
Merthyr Tydfil,1007443,GB,GBP,144,0,0.374657
Metropolitan Borough of Kirklees,1006849,GB,GBP,576,3,1.496039
Milnthorpe,1006932,GB,GBP,27,0,0.075645
Milton Keynes,1006933,GB,GBP,875,3,2.294410
Mitcheldean,1006935,GB,GBP,5,0,0.012366
Morecambe,1006937,GB,GBP,90,0,0.257431
Morpeth,1006938,GB,GBP,93,0,0.244510
Mossley,1006939,GB,GBP,9,0,0.024090
Motherwell,1007375,GB,GBP,121,0,0.326737
Neath,1007446,GB,GBP,278,1,0.764125
Newark-on-Trent,1006944,GB,GBP,243,0,0.646161
Newton Abbot,1006953,GB,GBP,149,0,0.392410
Newton Aycliffe,1006954,GB,GBP,86,0,0.223930
Newtown,1007449,GB,GBP,91,0,0.252632
Northwich,1006963,GB,GBP,143,0,0.373610
Peckleton,1006980,GB,GBP,1,0,0.002667
Petworth,1006987,GB,GBP,3,0,0.008616
Pocklington,1006990,GB,GBP,108,0,0.277659
Poole,1006992,GB,GBP,240,0,0.633083
Poplar,1006993,GB,GBP,121,0,0.315180
Porthleven,1006994,GB,GBP,9,0,0.026405
Prescot,1006999,GB,GBP,32,0,0.078488
Preston,1007000,GB,GBP,493,0,1.282444
Pudsey,1007002,GB,GBP,56,0,0.147512
Radlett,1007004,GB,GBP,15,0,0.040573
Rassau,1007457,GB,GBP,7,0,0.016543
Reading,1007009,GB,GBP,1141,3,3.134401
Reigate,1007014,GB,GBP,68,0,0.178851
Richmond,1007015,GB,GBP,98,0,0.274359
Rosyth,1007391,GB,GBP,56,0,0.153712
Royal Borough of Kensington and Chelsea,1006836,GB,GBP,191,0,0.530168
Royston,1007032,GB,GBP,22,0,0.055533
Rugby,1007033,GB,GBP,305,0,0.774817
Rugeley,1007034,GB,GBP,72,1,0.178324
Ryde,1007040,GB,GBP,134,0,0.334911
Saint Austell,1007099,GB,GBP,508,0,1.314160
Saint Neots,1007102,GB,GBP,42,0,0.100453
Saltburn-by-the-Sea,1007046,GB,GBP,73,0,0.203858
Saxmundham,1007052,GB,GBP,34,1,0.083935
Scole,1007054,GB,GBP,30,0,0.081914
Sedlescombe,1007058,GB,GBP,3,0,0.005164
Shaftesbury,1007061,GB,GBP,103,1,0.287678
Shepton Mallet,1007068,GB,GBP,109,0,0.285291
Sherburn Village,1007069,GB,GBP,10,0,0.026659
Shipley,1007070,GB,GBP,102,0,0.282050
Shipston-on-Stour,1007071,GB,GBP,80,0,0.219087
Skelmersdale,1007077,GB,GBP,194,0,0.495594
Southampton,1007089,GB,GBP,889,2,2.269753
Southport,1007092,GB,GBP,443,2,1.152305
St Albans,1007097,GB,GBP,340,0,0.942188
Stalybridge,1007105,GB,GBP,32,0,0.080356
Stansted Mountfitchet,1007108,GB,GBP,79,0,0.196938
Stanwell,1007109,GB,GBP,116,0,0.300818
Stock,1007115,GB,GBP,4,0,0.011637
Stoke Poges,1007122,GB,GBP,41,0,0.108453
Stoke-on-Trent,1007121,GB,GBP,1838,3,4.779102
Stokesley,1007123,GB,GBP,2,0,0.005630
Sutton Coldfield,1007136,GB,GBP,220,1,0.569226
Swavesey,1007143,GB,GBP,13,0,0.041949
Thames Ditton,1007156,GB,GBP,19,0,0.052940
Thurrock,1007165,GB,GBP,353,1,0.916410
Tipton,1007167,GB,GBP,329,1,0.884513
Towcester,1007175,GB,GBP,44,0,0.123339
Trowbridge,1007178,GB,GBP,238,1,0.588425
Ullapool,1007405,GB,GBP,31,0,0.071427
Unknown,Unknown,GB,GBP,58965,102,155.147206
Uppingham,1007183,GB,GBP,29,0,0.085270
Wadhurst,1007186,GB,GBP,6,0,0.018849
Ware,1007198,GB,GBP,74,0,0.212527
Washington,1007202,GB,GBP,85,1,0.248700
Weaverham,1007206,GB,GBP,25,0,0.062479
Welwyn,1007209,GB,GBP,11,0,0.034904
West Kirby,1007213,GB,GBP,105,1,0.287544
West Lothian,1007406,GB,GBP,1717,3,4.524719
West Malling,1007214,GB,GBP,34,0,0.087178
Wetherby,1007220,GB,GBP,12,0,0.029949
Weymouth,1007222,GB,GBP,227,0,0.612971
Withington,1007244,GB,GBP,4,0,0.011364
Witney,1007245,GB,GBP,218,0,0.579502
Woking,1007246,GB,GBP,444,0,1.183761
Wokingham,1007247,GB,GBP,349,1,0.891026
Woodbridge,1007252,GB,GBP,37,0,0.095998
Worksop,1007258,GB,GBP,131,0,0.348130
Worthing,1007259,GB,GBP,453,0,1.248082
Wrexham,1007464,GB,GBP,608,2,1.598955
Alcester,1006461,GB,GBP,38,0,0.108956
Alconbury,1006462,GB,GBP,2,0,0.004243
Alexandria,1007294,GB,GBP,46,0,0.112941
Ampthill,1006475,GB,GBP,64,0,0.189084
Ashford,1006483,GB,GBP,407,1,1.041737
Attleborough,1006487,GB,GBP,123,0,0.307077
Aylesbury,1006490,GB,GBP,285,0,0.774628
Banbury,1006494,GB,GBP,285,1,0.748374
Banstead,1006495,GB,GBP,120,0,0.315751
Barnstaple,1006497,GB,GBP,127,0,0.332640
Barry,1007410,GB,GBP,183,0,0.472493
Belper,1006510,GB,GBP,87,0,0.225417
Bishop Auckland,1006526,GB,GBP,175,0,0.495014
Blaby District,1006529,GB,GBP,269,0,0.698514
Blaenau Gwent,1007432,GB,GBP,158,0,0.415846
Blantyre,1007304,GB,GBP,103,2,0.293857
Bootle,1006541,GB,GBP,142,0,0.371834
Boston,1006543,GB,GBP,407,1,1.061070
Bowthorpe,1006550,GB,GBP,21,0,0.067174
Bracknell,1006552,GB,GBP,242,0,0.642546
Braintree,1006555,GB,GBP,383,0,1.020474
Bridge of Weir,1007306,GB,GBP,10,0,0.026384
Bromsgrove,1006573,GB,GBP,255,0,0.642282
Brough,1006576,GB,GBP,44,0,0.094971
Caerphilly,1007415,GB,GBP,887,1,2.298703
Callington,1006594,GB,GBP,16,0,0.040879
Cambridge,1006598,GB,GBP,1153,2,3.015243
Camelford,1006599,GB,GBP,3,0,0.007004
Cannock,1006601,GB,GBP,335,1,0.869129
Cardiff,1007416,GB,GBP,1898,4,5.073767
Carmarthen,1007418,GB,GBP,243,0,0.643107
Carno,1007419,GB,GBP,17,0,0.051034
Castleford,1006607,GB,GBP,127,0,0.345931
Cheltenham,1006622,GB,GBP,786,4,2.063546
Chepstow,1007420,GB,GBP,67,0,0.183719
Chichester,1006628,GB,GBP,318,0,0.846104
Consett,1006649,GB,GBP,97,0,0.265586
Cramlington,1006659,GB,GBP,97,0,0.265728
Crawley,1006661,GB,GBP,521,0,1.350545
Cwmbran,1007426,GB,GBP,242,1,0.614628
Dingwall,1007316,GB,GBP,50,0,0.135643
Dorking,1006681,GB,GBP,69,1,0.179806
Dunfermline,1007322,GB,GBP,593,2,1.530202
Eastbourne,1006692,GB,GBP,423,1,1.100511
Ellesmere Port,1006697,GB,GBP,149,1,0.399203
Enderby,1006700,GB,GBP,44,1,0.109921
Epsom,1006702,GB,GBP,237,0,0.626003
Exmouth,1006709,GB,GBP,141,0,0.361339
Eynsham,1006711,GB,GBP,33,0,0.089024
Falkirk,1007330,GB,GBP,575,2,1.538604
Fareham,1006715,GB,GBP,324,0,0.872612
Farnham,1006717,GB,GBP,9,0,0.019355
Fordingbridge,1006730,GB,GBP,24,0,0.061273
Fort William,1007335,GB,GBP,56,0,0.150177
Frome,1006734,GB,GBP,224,0,0.604093
Glastonbury,1006739,GB,GBP,234,1,0.615341
Glenrothes,1007337,GB,GBP,244,1,0.626568
Gloucester,1006741,GB,GBP,361,1,0.912941
Gorebridge,1007338,GB,GBP,20,0,0.043617
Grantham,1006745,GB,GBP,265,0,0.666615
Great Baddow,1006748,GB,GBP,25,0,0.060899
Grimsby,1006752,GB,GBP,347,1,0.891047
Hanslope,1006762,GB,GBP,2,0,0.005370
Harrogate,1006766,GB,GBP,379,0,0.989758
Haslingden,1006769,GB,GBP,37,0,0.091322
Hastings,1006770,GB,GBP,388,0,1.032123
Hastingwood,1006771,GB,GBP,8,0,0.023416
Hatfield,1006772,GB,GBP,106,0,0.276161
Hawarden,1007435,GB,GBP,38,0,0.108423
Hawes,1006775,GB,GBP,12,0,0.030290
Henley-in-Arden,1006788,GB,GBP,2,0,0.004145
Herne Bay,1006791,GB,GBP,102,0,0.273457
Hitchin,1006803,GB,GBP,106,0,0.298704
Horsham,1006810,GB,GBP,355,0,1.003611
Hucknall,1006814,GB,GBP,236,0,0.604410
Hungerford,1006817,GB,GBP,37,0,0.099413
Huntingdon,1006818,GB,GBP,127,0,0.338748
Inverness,1007345,GB,GBP,509,0,1.390051
Ipswich,1006826,GB,GBP,1268,2,3.365449
Kidderminster,1006838,GB,GBP,258,0,0.671463
Kilbarchan,1007352,GB,GBP,8,0,0.027945
King s Lynn,1006842,GB,GBP,941,3,2.489223
Kingsbridge,1006843,GB,GBP,47,0,0.132036
Kingston Bagpuize with Southmoor,1006845,GB,GBP,10,0,0.028132
Kirriemuir,1007362,GB,GBP,27,0,0.067006
Langley,1006857,GB,GBP,32,0,0.068891
Larkhall,1007363,GB,GBP,26,1,0.074705
Leatherhead,1006861,GB,GBP,34,0,0.102663
Leek,1006865,GB,GBP,18,0,0.046596
Lewes,1006871,GB,GBP,30,0,0.090142
Lighthorne,1006875,GB,GBP,55,0,0.146354
Little Chalfont,1006880,GB,GBP,21,0,0.058538
Littlehampton,1006883,GB,GBP,4,0,0.012824
Liverpool,1006884,GB,GBP,3041,6,7.944860
Ludlow,1006896,GB,GBP,161,0,0.425246
Lyme Regis,1006899,GB,GBP,4,0,0.010698
Lyndhurst,1006902,GB,GBP,13,0,0.047774
Maidenhead,1006906,GB,GBP,260,0,0.671505
Malmesbury,1006909,GB,GBP,90,0,0.251888
Mansfield,1006914,GB,GBP,547,0,1.442834
Margate,1006916,GB,GBP,217,0,0.530295
Melksham,1006925,GB,GBP,70,0,0.191162
Moorside,1006936,GB,GBP,1,0,0.001986
Musselburgh,1007377,GB,GBP,144,0,0.398170
Newmarket,1006949,GB,GBP,16,0,0.044990
North Tyneside District,1006956,GB,GBP,503,2,1.381229
North Walsham,1006957,GB,GBP,142,0,0.383404
Northallerton,1006958,GB,GBP,98,0,0.263757
Northfleet,1006960,GB,GBP,25,0,0.068771
Nottingham,1006965,GB,GBP,1755,2,4.522133
Olney,1006971,GB,GBP,3,0,0.009629
Oundle,1006974,GB,GBP,49,0,0.145296
Penarth,1007450,GB,GBP,86,2,0.219545
Penrith,1006981,GB,GBP,78,0,0.215876
Plymouth,1006988,GB,GBP,1229,5,3.109975
Pontefract,1006991,GB,GBP,280,0,0.739238
Pontyclun,1007451,GB,GBP,7,0,0.016508
Pontypool,1007452,GB,GBP,62,0,0.154084
Prestwick,1007387,GB,GBP,35,0,0.077080
Rainhill,1007005,GB,GBP,1,0,0.003267
Ramsey,1007269,GB,GBP,13,1,0.038629
Retford,1006691,GB,GBP,63,1,0.179294
Rochford,1007022,GB,GBP,69,0,0.194726
Roslin,1007390,GB,GBP,5,0,0.011098
Royal Wootton Bassett,1007255,GB,GBP,45,0,0.113498
Rushden,1007037,GB,GBP,134,0,0.361780
Saint Helens,1007100,GB,GBP,442,1,1.075864
Saint Ives,1007101,GB,GBP,95,0,0.238624
Sale,1007042,GB,GBP,345,0,0.899550
Sandwich,1007049,GB,GBP,61,0,0.148406
Scampton,1006735,GB,GBP,91,0,0.227477
Scarborough,1007053,GB,GBP,363,0,0.945445
Seal,1007057,GB,GBP,2,0,0.007326
Sidmouth,1007073,GB,GBP,164,0,0.455291
Skipton,1007078,GB,GBP,82,1,0.203258
Sleaford,1007079,GB,GBP,110,0,0.287899
South Cerney,1007086,GB,GBP,2,0,0.008833
South Tyneside,1007088,GB,GBP,425,3,1.064164
Spennymoor,1007095,GB,GBP,42,0,0.121715
St Helier,1006454,GB,GBP,195,0,0.491281
Stafford,1007103,GB,GBP,231,0,0.618402
Staines-upon-Thames,1007104,GB,GBP,47,0,0.113744
Stockport,1007118,GB,GBP,855,1,2.302479
Stockton-on-Tees,1007119,GB,GBP,391,0,1.069877
Stoke Gifford,1007120,GB,GBP,59,0,0.137660
Stourbridge,1007125,GB,GBP,160,0,0.448726
Suffolk,1007131,GB,GBP,1327,4,3.465492
Sunderland,1007133,GB,GBP,1112,0,2.964161
Swadlincote,1007139,GB,GBP,83,0,0.202828
Swindon,1007144,GB,GBP,1317,2,3.474636
Tamworth,1007147,GB,GBP,323,3,0.884741
Taunton,1007149,GB,GBP,692,1,1.828546
Thetford,1007160,GB,GBP,224,0,0.586803
Thirsk,1007161,GB,GBP,142,0,0.345396
Tiptree,1007168,GB,GBP,1,0,0.003138
Tywyn,1007463,GB,GBP,6,0,0.012714
Uig,1007404,GB,GBP,3,0,0.009266
Wakefield,1007188,GB,GBP,720,0,1.821641
Walton-le-Dale,1007194,GB,GBP,34,0,0.090465
Warwick,1007201,GB,GBP,310,1,0.768331
Waterlooville,1007203,GB,GBP,149,1,0.408795
Watton,1007205,GB,GBP,56,0,0.138677
Westcliff-on-Sea,1007216,GB,GBP,67,0,0.175137
Weybridge,1007221,GB,GBP,150,0,0.398076
Wheathampstead,1007223,GB,GBP,9,0,0.020873
Wickford,1007228,GB,GBP,40,0,0.100596
Winchcombe,1007236,GB,GBP,29,1,0.076873
Windermere,1007238,GB,GBP,297,0,0.765483
Yeovil,1007265,GB,GBP,265,0,0.661071
Aberdeen,1007293,GB,GBP,1757,6,4.660176
Alderley Edge,1006464,GB,GBP,17,0,0.042642
Alresford,1006470,GB,GBP,3,0,0.006721
Alton,1006472,GB,GBP,76,0,0.203127
Ashby-de-la-Zouch,1006482,GB,GBP,57,0,0.138154
Atherton,1006486,GB,GBP,44,0,0.124532
Barton-upon-Humber,1006499,GB,GBP,23,0,0.055775
Basingstoke,1006501,GB,GBP,670,1,1.795351
Bath,1006502,GB,GBP,871,1,2.289073
Batley,1006503,GB,GBP,81,0,0.225649
Beaminster,1006505,GB,GBP,125,0,0.344371
Bedford,1006506,GB,GBP,1033,7,2.729994
Bentham,1006797,GB,GBP,56,0,0.147627
Berwick-upon-Tweed,1006513,GB,GBP,24,0,0.062989
Biggleswade,1006517,GB,GBP,223,0,0.595820
Bishop s Cleeve,1006527,GB,GBP,21,0,0.056334
Bletchley,1006534,GB,GBP,235,0,0.623971
Brodick,1007307,GB,GBP,1,0,0.003218
Bromborough,1006572,GB,GBP,10,0,0.028512
Brookmans Park,1006574,GB,GBP,1,0,0.004304
Bude,1006580,GB,GBP,34,0,0.094076
Burnham,1006584,GB,GBP,69,0,0.171080
Calne,1006595,GB,GBP,112,2,0.288855
Campbeltown,1007309,GB,GBP,1,0,0.001284
Caterham,1006609,GB,GBP,35,0,0.090498
Cawthorne,1006610,GB,GBP,19,0,0.052220
Chatham,1006618,GB,GBP,350,0,0.903414
Chelmsford,1006621,GB,GBP,776,1,1.982623
Cheshunt,1006625,GB,GBP,82,0,0.206398
Chesterfield,1006627,GB,GBP,311,0,0.815388
Christchurch,1006634,GB,GBP,167,0,0.443782
Clevedon,1006641,GB,GBP,97,1,0.241512
Clifton and Compton,1006642,GB,GBP,2,0,0.005153
Corby,1006653,GB,GBP,230,0,0.587303
Crediton,1006662,GB,GBP,23,1,0.059353
Crewe,1006663,GB,GBP,463,0,1.192539
Crewkerne,1006664,GB,GBP,85,0,0.228144
Cromer,1006665,GB,GBP,82,0,0.217650
Crowthorne,1006667,GB,GBP,26,0,0.077966
Devon,1006676,GB,GBP,1791,3,4.682136
Doncaster,1006679,GB,GBP,642,2,1.688219
Dornoch,1007317,GB,GBP,3,0,0.005296
Douglas,1007268,GB,GBP,319,1,0.810284
Drayton,1006684,GB,GBP,162,0,0.444427
Droitwich Spa,1006685,GB,GBP,116,0,0.304449
Dumfries,1007320,GB,GBP,262,3,0.664676
Dundee,1007321,GB,GBP,743,0,1.950302
Eastleigh,1006693,GB,GBP,32,0,0.076219
Elgin,1007327,GB,GBP,88,1,0.248664
Ely,1006699,GB,GBP,160,1,0.431586
Epping,1006701,GB,GBP,5,0,0.008278
Fleetwood,1006727,GB,GBP,87,0,0.230494
Folkestone,1006729,GB,GBP,216,1,0.579826
Forfar,1007333,GB,GBP,69,0,0.199491
Forres,1007334,GB,GBP,40,0,0.113284
Frimley,1006733,GB,GBP,19,0,0.052131
Grays,1006747,GB,GBP,114,0,0.297292
Great Malvern,1006749,GB,GBP,175,0,0.449880
Great Missenden,1006750,GB,GBP,12,1,0.030842
Hamilton,1006760,GB,GBP,5,0,0.013851
Hartlepool,1006767,GB,GBP,129,0,0.332029
Harwell,1006768,GB,GBP,7,0,0.021144
Hedge End,1006783,GB,GBP,4,0,0.012805
Helsby,1006784,GB,GBP,12,0,0.029261
Henfield,1006787,GB,GBP,29,1,0.071251
Heywood,1006796,GB,GBP,120,0,0.339166
Horncastle,1006809,GB,GBP,44,0,0.122386
Hove,1006812,GB,GBP,931,2,2.481449
Ibstock,1006820,GB,GBP,8,0,0.019482
Irvine,1007347,GB,GBP,228,1,0.598887
Keele,1006830,GB,GBP,130,0,0.351878
Kendal,1006834,GB,GBP,111,1,0.290220
Kettering,1006837,GB,GBP,170,0,0.415870
Kinross,1007358,GB,GBP,40,0,0.113788
Kirkintilloch,1007360,GB,GBP,111,1,0.310232
Leafield,1006860,GB,GBP,9,0,0.018373
Lee-on-the-Solent,1006863,GB,GBP,4,0,0.010937
Lenham,1006869,GB,GBP,4,0,0.008813
Lerwick,1007365,GB,GBP,14,0,0.042634
Letchworth Garden City,1006870,GB,GBP,227,1,0.564305
Lincoln,1006876,GB,GBP,686,0,1.695069
Liphook,1006878,GB,GBP,14,0,0.035978
Livingston,1007366,GB,GBP,302,0,0.806448
Llandrindod Wells,1007439,GB,GBP,41,0,0.106797
London,1006886,GB,GBP,29341,33,77.162183
Long Stratton,1006890,GB,GBP,82,0,0.209387
Loughborough,1006891,GB,GBP,720,2,1.870142
Lowestoft,1006893,GB,GBP,364,0,0.933224
Lowick,1006894,GB,GBP,45,0,0.111948
Lutterworth,1006898,GB,GBP,19,0,0.048237
Lymington,1006900,GB,GBP,86,0,0.255714
Lytham Saint Annes,1007098,GB,GBP,188,0,0.508736
Maidstone,1006907,GB,GBP,309,0,0.835501
Malton,1006910,GB,GBP,87,0,0.249497
Market Harborough,1006917,GB,GBP,67,1,0.190761
Market Rasen,1006918,GB,GBP,12,0,0.027495
Metropolitan Borough of Sefton,1007059,GB,GBP,189,0,0.498845
Midhurst,1006929,GB,GBP,12,0,0.035340
Mildenhall,1006930,GB,GBP,66,0,0.167967
Milford,1006931,GB,GBP,18,0,0.038159
Mirfield,1006934,GB,GBP,37,0,0.101945
Monmouth,1007444,GB,GBP,87,0,0.224289
New Milton,1006943,GB,GBP,262,0,0.706404
Newbury,1006946,GB,GBP,295,1,0.820320
Newcastle-under-Lyme,1006947,GB,GBP,161,0,0.431734
Newquay,1006952,GB,GBP,58,0,0.150489
North Berwick,1007380,GB,GBP,174,1,0.452002
North Shields,1006955,GB,GBP,268,0,0.701650
North Turton,1006509,GB,GBP,805,2,2.078009
Nuneaton,1006966,GB,GBP,498,1,1.279999
Oakham,1006967,GB,GBP,45,0,0.108832
Odiham,1006968,GB,GBP,2,0,0.006423
Paisley,1007381,GB,GBP,274,0,0.771401
Peterlee,1006985,GB,GBP,55,0,0.135835
Plympton,1006989,GB,GBP,56,0,0.150403
Port Talbot,1007454,GB,GBP,133,1,0.333114
Potters Bar,1006997,GB,GBP,56,0,0.144519
Purfleet,1007003,GB,GBP,6,0,0.017670
Pwllheli,1007456,GB,GBP,41,0,0.114338
Redhill,1007012,GB,GBP,119,0,0.289428
Risley,1007018,GB,GBP,2,0,0.003966
Ross-on-Wye,1007025,GB,GBP,117,1,0.298672
Rowley Regis,1007029,GB,GBP,87,0,0.255226
Rusper,1007038,GB,GBP,3,0,0.005531
Rustington,1007039,GB,GBP,42,0,0.098648
Ruthin,1007459,GB,GBP,46,0,0.101976
Saffron Walden,1007041,GB,GBP,102,0,0.284596
Salisbury,1007044,GB,GBP,417,2,1.071908
Silverstone,1007075,GB,GBP,11,0,0.031411
Slough,1007080,GB,GBP,836,0,2.121309
Smethwick,1007081,GB,GBP,98,0,0.254239
Somercotes,1007083,GB,GBP,9,0,0.022677
Southend-on-Sea,1007091,GB,GBP,876,6,2.414863
Spilsby,1007096,GB,GBP,34,0,0.086855
Stamford,1007106,GB,GBP,110,1,0.292982
Stevenage,1007113,GB,GBP,207,0,0.580083
Steyning,1007114,GB,GBP,59,0,0.175877
Stirling,1007397,GB,GBP,485,1,1.329543
Stourport-on-Severn,1007126,GB,GBP,136,0,0.360608
Stratford-upon-Avon,1007128,GB,GBP,108,0,0.284189
Sunbury-on-Thames,1007132,GB,GBP,25,0,0.070906
Swallowfield,1007140,GB,GBP,2,0,0.005092
Tadcaster,1007145,GB,GBP,49,0,0.124208
Thame,1007155,GB,GBP,68,0,0.179632
Virginia Water,1007185,GB,GBP,3,0,0.006426
Warrington,1007200,GB,GBP,608,0,1.625326
Watford,1007204,GB,GBP,800,0,2.192766
Westerham,1007217,GB,GBP,1,0,0.003917
Weston-super-Mare,1007219,GB,GBP,71,0,0.176411
Wigan,1007230,GB,GBP,610,1,1.528224
Willingham,1007233,GB,GBP,26,0,0.067192
Worcester,1007256,GB,GBP,577,1,1.481998
Wymondham,1007261,GB,GBP,163,0,0.414262
Yarm,1007263,GB,GBP,5,0,0.017310
,,,,275810,478,724.855704

Report Time:,2017/01/08 13:29 GMT
Date Range:,2016/12/09 to 2017/01/07
Group By:,City
Group By:,City ID
Group By:,Country
Group By:,Advertiser Currency
Filter by Insertion Order ID:,2806249
Filter by Partner ID:,151
